Name,Address,Zip,Phone
Vera Adams,100 Juniper St,25726,555-107-9149
Nadia Novak,101 Hickory St,33028,555-232-7229
Yuki Davis,102 Cypress St,40161,
Carlos ePrry,103 Pine St,62044,555-982-1693
Sam Adams,104 Hickory St,12456,555-243-4065
Mateo Watts,105 Juniper St,85465,555-539-7626
Omar Kelly,106 Hickory St,47947,555-217-7636
Hugo Kim,107 Oak St,52568,555-275-8538
Umar Garcia,108 Spruce St,21551,555-547-2734
Mateo Patel,109 Chestnut St,67104,555-703-7560
Judy Jones,110 Dogwood St,67549,555-505-6083
Amara Shah,111 Juniper St,39041,555-441-3754
Yuki Shah,112 Pine St,76910,555-748-2868
Xena Watts,113 Dogwood St,76840,555-298-6724
Leo Patel,114 Spruce St,94599,
Priya Martinez,115 Chestnut St,23474,555-249-5193
Eve Gomez,116 Walnut St,32740,555-716-3504
Zane Wilson,117 Pine St,33218,555-891-9095
Hana Baker,118 Sycamore St,83889,555-878-8354
Lena Gomez,119 Redwood St,94278,555-596-6631
Gabe Zimmer,120 Juniper St,36518,555-550-2118
Dana Adams,121 Magnolia St,67961,555-746-5961
Xena Meyer,122 Willow St,87518,555-157-6766
Yuki Kelly,123 Dogwood St,19724,555-417-8565
Karl Martinez,124 Sycamore St,14929,555-158-7041
Noah Zimmer,125 Aspen St,20057,555-760-2479
Ivan Gomez,126 Hawthrn St,87867,555-619-7299
Carlos Cruz,127 Sycamore St,86064,555-667-1672
Omar Lopez,128 Sycamore St,84928,555-767-4084
Dana Baker,129 Juniper St,89299,555-587-9214
Omar Khan,130 Elm St,18109,555-561-2695
Nadia Chen,131 Juniper St,21053,555-616-3827
Will Diaz,132 Maple St,42472,555-824-8172
Umar Long,133 Sycamore St,64451,555-635-3600
Bob Baker,134 Spruce St,58870,555-389-7347
Omar Martinez,135 Hickory St,95175,555-795-1857
Bob Meyer,136 Juniper St,18639,555-437-2548
Bianca Adams,137 Cypess St,43980,555-495-5655
Jamal Connor,138 Willow St,96057,555-717-3463
Vera Vega,139 Juniper St,20682,
Sam Watts,140 Spruce St,50662,555-771-7421
Vrea Perry,141 Elm St,87993,555-825-2388
Quinn Silva,142 Aspen St,83259,555-485-6381
Quinn Owens,143 Elmm St,97833,555-819-9624
Will Lopez,144 Pine St,94675,555-786-7937
Umar Chen,145 Dogwood St,57425,555-118-6940
Gabe Patel,146 Aspen St,33627,555-161-3332
Hugo Cruz,147 Magonlia St,35166,555-331-3253
Elias Diaz,148 Elm St,20114,555-402-2657
Frank Khan,149 Dogwod St,80748,555-955-9626
Judy Chen,150 Malpe St,96760,555-466-4401
Yuki Baker,151 Hawthorn St,59377,555-257-3658
Dana Kim,152 Birch St,82869,555-928-3712
Iris Hlal,153 Sycamore St,15726,555-520-6968
Karl Tran,154 Chestnut St,68222,555-725-5668
Lena Martinez,155 Sycamore St,40671,555-646-4918
Nadia Brown,156 Asepn St,71474,555-955-4178
Carlos Evns,157 Spruce St,98907,555-684-8218
Noah Nguyen,158 Sycamore St,46932,555-896-7256
Alice Wilson,159 Dogwood St,79135,555-528-3655
Sam Owens,160 Walnut St,89254,555-241-5096
Farah Jones,161 Maple St,94040,555-592-7081
Yuki Patel,162 Cypress St,23446,555-828-9452
Will OConnor,163 Cedar St,47363,555-185-3626
Iris Wilson,164 Wilow St,68893,
Cyrus ates,165 Hickory St,22021,555-327-8391
Farah Adams,166 Spruce St,13495,555-524-1872
Grace Jones,167 Poplar St,75799,555-482-4862
Amara Gomez,168 Poplar St,85082,555-483-4678
Alice Tran,169 Oak St,51770,555-201-6493
Omar Smith,170 Elm St,28035,555-139-5700
Cyrus Kim,171 Magnolai St,28191,555-877-8685
Sam Zimmer,172 Sycamore St,90654,555-105-2298
Diana Lopez,173 Oak St,43544,555-320-3449
Farah Silva,174 Cypress St,89807,555-640-7934
Hugo Zhang,175 Cedar St,47762,555-343-5934
Mona Ford,176 Cedar St,16258,555-344-7878
Diana Brown,177 Hawthorn St,69914,555-164-2816
Quinn Perry,178 Magnolia St,88215,555-648-1269
Mona Novak,179 Dogwood St,85372,555-347-3352
Farah Kim,180 Aspen St,66261,555-101-6780
Will Gomez,181 Chestnut St,84798,555-526-4068
Priya Long,182 Pine St,78614,555-469-2108
Noah Kelly,183 Dogwood St,81313,555-619-9316
Gabe Khan,184 Cypress St,12665,555-364-6238
Frank Brown,185 Maple St,93318,555-496-7116
Judy Long,186 Willow St,12128,555-465-2106
Eve Ito,187 Spruce St,41604,555-850-2698
Leo Jones,188 Redwood St,53583,555-236-1726
Jamal Garca,189 Spruce St,81567,555-446-3868
Zane Khan,190 Sycamore St,72722,555-746-3986
Ailce Vega,191 Elm St,18270,555-469-4262
Mona Vega,192 Maple St,48462,555-306-1717
Judy Patel,193 Walnut St,15492,555-423-6080
Umar Wilson,194 Dogwood St,62196,555-375-7709
Carlos Diaz,195 Magnolia St,43202,555-137-4131
Bob OoCnnor,196 Aspen St,56789,555-982-1783
Mona Nguyen,197 Juniper St,45811,555-227-7029
Leo Ito,198 Hickory St,62431,555-861-8204
Frank Silva,199 Poplar St,54438,555-291-9129
Vera OConnor,200 Magnolia St,58148,555-916-9507
Vera Khan,201 Willow St,20828,555-844-7955
Eve Ford,202 Pine St,66440,555-716-3956
Kira Evans,203 Cypress St,48504,555-428-2680
Jamal Tran,204 Pine St,53426,555-776-5843
Mona Cruz,205 Aspen St,68447,
Eve Lopez,206 Birch St,68183,555-459-8325
Gabe Perry,207 Maple St,56210,555-729-8126
Vera Brown,208 Willow St,93816,555-910-1939
Nadia Long,209 Pine St,21539,
Iris Novak,210 Spruce St,77251,
Judy Garcia,211 Oak St,28714,555-969-8179
Eve Zimmer,212 Maple St,26545,555-168-4866
Dana Chen,213 Spruce St,57467,555-492-1530
Yuki Novak,214 Hawthorn St,30111,555-234-4460
Rosa Baker,215 Spruce St,58760,555-554-2259
Lena Diaz,216 Redwood St,28047,555-642-7012
Alice Garcia,217 Poplar St,51207,555-765-5566
Hugo Smith,218 Chestnut St,24869,555-126-4048
Judy Kelly,219 Magnolia St,77861,555-496-2929
Mona Jones,220 Willow St,44116,555-820-8311
Lena Smith,221 Walnut St,90199,555-392-9047
Jamal Nguyen,222 Walnut St,26074,555-238-2213
Bob Brown,223 Sycamore St,32630,555-830-8292
Hugo Novak,224 Pie St,99381,555-965-6236
Will Garcia,225 Spruce St,18511,555-663-9882
Cyrus Gomez,226 Aspen St,49315,555-971-3580
Dana Zimmer,227 Birch St,57381,555-620-4673
Judy Lopez,228 Cedar St,63907,555-911-3275
Alice Ito,229 Chestnut St,54341,555-126-6912
Carlos Kelly,230 Cyress St,85009,555-477-8657
Quinn Chen,231 Cypress St,74990,555-726-2412
Lena Tran,232 Pine St,50539,555-507-8842
Carlos Kim,233 Dogwood St,63843,555-887-7708
Tara Zhang,234 Redwood St,19666,555-228-6194
Mateo Ueda,235 Pine St,68979,555-577-9476
Eve Chen,236 Spruce St,26821,555-999-3981
Grace Hall,237 Elm St,66704,555-614-1907
Zane Smith,238 Cedar St,48270,555-256-5982
Mateo Zhang,239 Bicrh St,31229,555-430-4694
Karl Diaz,240 Spruce St,16094,555-390-2292
Vera Reed,241 Willow St,35729,555-750-5496
Rosa Perry,242 Elm St,91922,
Judy Martinez,243 Pine St,75873,555-756-3762
Iris Davis,244 Redwood St,86106,555-257-3804
Lena Davis,245 Hawthorn St,89316,555-445-1674
Ivan Adams,246 Oak St,20646,555-146-5336
Farah Nguyen,247 Walnut St,84991,555-526-1496
Mateo Zimmer,248 Magnolia St,92203,555-658-5745
Karl Meyer,249 Aspen St,73300,555-350-7653
MateoO Connor,250 Aspen St,80932,555-174-1981
Omar Watts,251 Birhc St,67619,555-525-8933
Frank OConnor,252 Sycamore St,36741,555-448-3353
Hana Davis,253 Juniper St,51853,555-851-6658
Ivna Wilson,254 Poplra St,27139,555-370-3131
Noah Novak,255 Dogwood St,83616,555-711-1833
Bianca Novak,256 Chestnut St,71141,555-225-5382
Xena Ito,257 Sycmaore St,42495,555-244-2586
Hana Kelly,258 Maple St,48038,555-493-7850
Carlos Novak,259 Chestnut St,30932,555-933-6364
Umar Martinez,260 Redwood St,50988,555-294-3610
Mateo Cruz,261 Magnolia St,77466,555-578-9171
Cyrus Owens,262 Aspen St,75191,555-123-2475
Omar Cruz,263 Poplar St,76249,555-568-4944
Will Meyer,264 Walnut St,86460,555-461-1797
Farah Owens,265 Maple St,46877,555-606-8710
Amara Zhang,266 Aspen St,80345,555-108-2761
Dana Khan,267 Hickory St,11461,555-370-6992
Ivan Perry,268 Poplar St,57964,
Sam Wilson,269 Maple St,33770,555-675-4189
Diana Ford,270 Spruce St,82512,555-395-2204
Yuki Watts,271 Polpar St,76093,555-561-5582
Vera Zimmer,272 Hawthorn St,99181,555-725-2946
Mnoa Ito,273 Elm St,22672,555-503-7114
Hana Long,274 Juniper St,83116,555-474-3363
Sam Nguyen,275 Walnut St,88966,555-621-7576
Vera Baker,276 Dogwood St,15276,555-741-2252
Leo Chen,277 Elm St,53652,555-923-8761
Will Novak,278 Dogwood St,69898,555-252-9446
Judy Tran,279 Elm St,52987,555-727-6218
Mona Lee,280 Birch St,61505,555-731-5902
Judy Aadms,281 Redwood St,73916,555-619-9351
Umar Zhang,282 Cypress St,60868,555-825-5911
Sam Khan,283 Magnolia St,12180,555-477-6427
Noah Martinez,284 Cedar St,64596,555-697-6040
Hugo Zimmer,285 Oak St,88238,555-585-5350
Omar Nguyen,286 Redwood St,85711,
Amara Watts,287 Rdewood St,72973,555-274-9589
Xena Nguyen,288 Hawthorn St,59832,555-264-3207
Quinn Evans,289 Male St,85047,555-817-2800
Grace Diaz,290 Walnut St,12482,555-551-6139
Omar Shah,291 Hickory St,29848,555-522-4340
Bianca Shah,292 Hickory St,75774,555-893-8726
Noah Patel,293 Maple St,28098,555-631-4397
Gabe Hall,294 Cypress St,52604,555-778-8837
Bianca Kelly,295 Dogwood St,59391,555-421-3837
Karl Wilson,296 Sycamore St,79878,555-450-9950
Bob Martinez,297 Sruce St,98587,555-890-5331
Umar Lee,298 Hawthorn St,73462,555-296-5038
Farah Martinez,299 Willow St,83149,555-405-4684
Quinn OConnor,300 Aspen St,47880,555-821-4396
Mona Martinez,301 Magnolia St,51555,555-591-6714
Judy Cruz,302 Cypress St,45842,555-394-2996
Bianca Wilson,303 Redwood St,98686,555-656-7220
Sam Tran,304 Poplar St,55237,555-891-3399
Omar Meyer,305 Aspen St,15513,555-394-2294
Judy Khan,306 Spruce St,57151,555-771-5201
Gabe Lopez,307 Magnolia St,38047,555-306-9824
Gabe Kelly,308 Willow St,83664,555-812-5450
Iris Gomez,309 Elmm St,24316,
Rosa Smith,310 Chestnut St,16653,555-785-9700
Kira Zimmer,311 Chestnut St,93616,555-338-1860
Kira Perry,312 Cedar St,64172,555-438-8739
Will Owens,313 Cedar St,99285,555-889-3252
Zane Baker,314 Oak St,82135,555-261-7666
HanaG arcia,315 Magnolia St,72580,555-766-4267
Diana rCuz,316 Aspen St,23983,555-392-1969
Iris Smith,317 Pine St,95498,555-687-4804
Zane Hall,318 Cypress St,14888,555-279-7846
Daan Ito,319 Birch St,14763,555-918-7933
Yuki Ito,320 Magnolia St,34420,555-866-5742
Will Kim,321 Maple St,11214,
Bob Gomez,322 Juniper St,47298,555-565-9901
Leo Evans,323 Dogwood St,74738,555-237-9261
Hugo Patel,324 Sycamore St,45761,555-297-2845
Sam Patel,325 Junipr St,31298,555-848-8518
Alice OConnor,326 Willow St,34405,555-114-6523
Mateo Shah,327 Aspen St,84420,555-790-4164
Mona Kim,328 Birch St,90079,555-976-7643
Rosa Novak,329 Hickory St,77538,555-435-2421
Ivan Zimmer,330 Poplar St,97720,555-197-4027
Jamal Meyer,331 Elm St,72580,555-431-5064
Hana Khan,332 Oak St,44181,555-492-4858
Cyrus Zimmer,333 Scyamore St,44995,555-437-5947
Karl Smith,334 Redwood St,85088,555-111-5285
Iris Meyer,335 Spruce St,40972,
Yuki Owens,336 Sycamore St,50213,555-263-7642
Cyrus Hall,337 Dogwodo St,50760,555-806-2923
Elias Hall,338 Aspen St,58174,555-729-4618
Diana Lee,339 Chestnut St,27507,555-589-3509
Alice Silva,340 Sycamore St,89395,555-482-7813
Carlos Patel,341 Cypress St,71712,555-875-9806
Eve OConnor,342 Walnut St,42435,555-796-2341
Elias Adams,343 Dogwood St,68556,555-640-6927
Priya Cruz,344 Pnie St,83946,555-214-2011
Amara Jones,345 Cypress St,76255,555-307-9792
Leo Perry,346 Elm St,31566,555-435-9525
Jamal Zimmer,347 Scyamore St,25235,555-796-4365
Yuki Nguyen,348 Redowod St,74071,555-193-9361
Mona Wilson,349 Sycamore St,17292,555-564-3161
Bob Evans,350 Dogwood St,64450,555-567-1945
Grace Lee,351 Cypress St,70604,555-788-6049
Omar Zimmer,352 Oak St,61897,555-360-1049
Hana Smith,353 Walnt St,85800,555-174-1742
Gabe Davis,354 Hickory St,55158,555-817-2044
Tara Owens,355 Cypress St,17897,555-170-8734
Kira Patel,356 Maple St,47629,555-518-3948
Leo Cruz,357 Elm St,94085,555-846-7887
Quinn Lopez,358 Spruce St,60132,555-559-7184
Grace Davis,359 Poplar St,20518,555-799-9835
Karl Gomez,360 Elm St,20480,555-980-6697
Elias Garcia,361 Cedar St,33392,555-650-7439
Leo Lee,362 Dogwood St,26691,555-845-4648
Frank Lopz,363 Oak St,84714,555-405-8585
Vera Yates,364 Cypress St,65591,555-644-7214
Rosa Jones,365 Chestut St,42441,555-571-6671
Hugo Baker,366 Elm St,46129,555-293-2848
Bob Novak,367 Maple St,96533,555-529-1256
Umar Tran,368 Chestnut St,37011,555-168-2653
Cyrus Diaz,369 Hawthorn St,14400,555-557-1797
Hana eda,370 Chestnut St,15798,555-511-8191
Grace Chen,371 Chestnut St,80747,555-322-1924
Rosa Garcia,372 Elm St,76046,555-396-4836
Yuki Cruz,373 Redwood St,51799,555-691-6253
Amara Yates,374 Chestnut St,49552,555-997-3347
Nadia Zhang,375 Dogwood St,38972,555-523-5923
Bob Diaz,376 Willow St,17989,555-670-3869
Amara Novak,377 Hickory St,82856,555-607-1768
Will Vega,378 Spruce St,94320,555-787-7244
Rosa Davis,379 Dogwood St,51777,555-813-7821
Alice Reed,380 Hickory St,29558,555-407-7167
Carlos Shah,381 Birch St,80507,555-584-4948
Leo Watts,382 Chestnut St,49418,555-978-3365
Tara Khan,383 Sycamore St,17552,555-675-7761
Garce Smith,384 Hickory St,83044,555-642-3196
Diana Patel,385 Poplar St,41831,555-361-4331
Zane Meyer,386 Juniper St,94765,555-180-8369
Eve Owens,387 Spruce St,22119,555-412-6465
Hugo Lopez,388 Maple St,45187,555-486-1647
Zane Diaz,389 Pine St,34662,555-923-4555
Iris Garcia,390 Magnolia St,37379,555-990-6455
Zane Patel,391 Aspen St,50944,555-316-4113
Zane Zhang,392 Cedar St,72773,555-800-4314
Umar Patel,393 Poplar St,41369,
Leo Adams,394 Aspen St,59894,555-577-9743
LenaH all,395 Spruce St,50425,555-367-6892
Judy Perry,396 Dogwood St,75179,555-577-2615
Omr Chen,397 Magnolia St,51973,555-308-7073
Diana Garcia,398 Juniper St,64254,555-146-4625
UmarBrown,399 Elm St,12125,555-367-7841
Bianca OConnor,400 Aspen St,29976,555-300-6404
Carlos Ueda,401 Chestnut St,59786,555-683-5026
Yuki Ford,402 Magnolia St,82173,555-770-6530
Cyrus Ito,403 Willow St,74044,555-140-7347
Priya Zimmer,404 Sycamore St,32050,555-850-6770
Bob Cruz,405 Birch St,28344,555-761-8400
Hugo Silva,406 Mganolia St,34123,555-655-1962
Quinn Garcia,407 Dogwood St,14433,555-959-2217
Tara Lopez,408 Maple St,10836,555-522-3252
Iris Patel,409 Chestnut St,18908,555-824-3474
Carlos Martinez,410 Oak St,47851,555-617-8471
Nadia Lee,411 Sprue St,17923,555-732-8916
Mona Baker,412 Magnolia St,12061,555-106-9719
Karl Zhang,413 Cypress St,63914,555-112-1274
Eve Long,414 Dogwood St,46010,555-648-5697
Umar Evans,415 Oak St,75826,555-932-8054
Yuki Silva,416 Birch St,24026,555-198-9591
Sam Kim,417 Elm St,41584,555-296-9625
Judy Vega,418 Willow St,56457,555-373-7502
Quinn Gomez,419 Pine St,58896,555-298-1025
Vera Tran,420 Redwood St,64269,555-813-4700
Sam Shah,421 Aspen St,18891,555-947-2320
Nadia Martinez,422 Maple St,22255,555-515-7213
Bob Long,423 Poplar St,82443,
Tara Tran,424 Oak St,32463,555-184-9189
Hana Adams,425 Hickory St,94529,555-903-6427
Will Reed,426 Redwood St,22499,555-640-1697
Mateo Kim,427 Chestnut St,37710,555-988-8790
Zane Kelly,428 Willow St,16102,555-176-5593
Elias Jones,429 Cypress St,83860,555-773-1539
Amaar Adams,430 Birch St,51220,555-116-4394
Bob Wilson,431 Redwood St,28899,555-870-7525
Ivan Smith,432 Pine St,49226,555-266-4939
Umar Zimmer,433 Redwood St,61007,555-793-9856
Cyrus Garcia,434 Juiper St,60311,555-873-3292
Zane Perry,435 Pine St,75639,555-863-6666
Carlos Baker,436 Maple St,22803,555-547-4803
Elias Tran,437 Pine St,54642,555-719-7499
Carlos Reed,438 Juniper St,13883,555-749-5478
Will Cruz,439 Sycamore St,74304,555-333-6829
Tara Yates,440 Cypress St,59207,555-542-4043
Priya Tran,441 Redwood St,96595,555-489-2404
Leo Novak,442 Hawthorn St,48715,555-917-5037
Omar Evans,443 Pine St,20752,555-374-3526
Hana Owens,444 Poplar St,93086,555-257-7383
Alice Jones,445 Juniper St,57277,
Lena Lopez,446 Oak St,50405,555-555-6896
Vera Nguyen,447 Willow St,23399,555-235-2430
Elias Owens,448 Birch St,66489,555-559-9395
Will Adams,449 Hickory St,23538,555-126-2468
Amara Ueda,450 Spruce St,82642,555-195-6315
Amara Kan,451 Poplar St,11617,555-398-7779
Judy Kim,452 Poplar St,21101,555-842-4977
Dana Perry,453 Redwood St,78302,555-273-7237
Gabe Ito,454 Birch St,28198,555-375-5933
Cyrus Martinez,455 Willow St,74634,555-249-2036
Yuki Zhang,456 Birch St,66973,555-382-7899
Mona Khan,457 Aspen St,73469,555-901-2260
Rosa Zhang,458 Spruce St,42990,555-352-9123
Mona Ueda,459 Hawthorn St,90828,555-300-8501
Iris Evans,460 Cedar St,27758,
Nadia Owens,461 Poplar St,53544,555-961-7224
Umar Watts,462 Juniper St,67700,555-442-8055
Zane Adms,463 Hawthorn St,27842,555-407-6253
Quinn Smith,464 Hawthorn St,36326,555-590-6147
Dnaa Garcia,465 Birch St,62198,555-426-5775
Ivan Shah,466 Magnolia St,85481,555-900-4971
Tara Reed,467 Juniper St,59290,555-387-7437
Zane Ford,468 Spruce St,24927,555-677-4273
Tara Lee,469 Redwood St,81516,555-284-1440
Hana Evans,470 Sycamore St,37479,555-548-5773
Diana Tan,471 Pine St,63627,
Iris Cruz,472 Elm St,93012,555-410-4965
Omar Silva,473 Willow St,96332,555-257-7932
Carlos Nguyen,474 Poplar St,19694,555-559-8851
Nadia Khan,475 Redwood St,74494,555-647-9300
Ivan Kelly,476 Hickory St,81256,555-137-6890
Karl Long,477 Cypress St,87833,555-753-2392
Frank Yates,478 Cedar St,42536,555-773-6816
Gabe Baker,479 Birch St,94803,555-727-1725
Jamal Long,480 Redwood St,94545,555-793-7547
Judy Hall,481 Juniper St,66420,555-208-1172
Frank Ueda,482 Cedar St,43913,
Xena Novak,483 Dogwood St,83137,555-694-4621
Cyrus Ueda,484 Sycamore St,59036,555-500-8586
Jamal Kim,485 Redwood St,75597,555-254-6651
Traa Ito,486 Oak St,73277,555-274-2047
Amara Smith,487 Hickory St,21253,
Quinn Ueda,488 Spruce St,50880,555-912-4493
Farah Yates,489 Walnut St,78303,555-272-7060
Sam Gomez,490 Magnolia St,22795,555-548-8412
Yuki Evans,491 Juniper St,18804,555-407-1732
Gabe Wilson,492 Cedar St,12960,555-969-6620
Mona Lopez,493 Cedar St,98754,
Jamal Yates,494 Chestnut St,77632,555-278-3623
Xena Owens,495 Juniepr St,30940,555-536-8570
Carlos Wilson,496 Chestnut St,63090,555-744-4022
Umar Nugyen,497 Birch St,93948,555-773-8080
Carlos Cen,498 Poplar St,13826,555-855-4232
Bianca Evans,499 Sycamore St,36504,555-539-7370
